"data_id","treat","age","agesq","agecube","education","educationsq","black","hispanic","married","nodegree","re74","re74sq","re75","re75sq","re78","u74","u75","sample"
"Dehejia-Wahba Sample",1,37,1369,50653,11,121,1,0,1,1,0,0,0,0,9930.0458984375,1,1,1
"Dehejia-Wahba Sample",1,22,484,10648,9,81,0,1,0,1,0,0,0,0,3595.89404296875,1,1,1
"Dehejia-Wahba Sample",1,30,900,27000,12,144,1,0,0,0,0,0,0,0,24909.44921875,1,1,1
"Dehejia-Wahba Sample",1,27,729,19683,11,121,1,0,0,1,0,0,0,0,7506.14599609375,1,1,1
"Dehejia-Wahba Sample",1,33,1089,35937,8,64,1,0,0,1,0,0,0,0,289.7898864746094,1,1,1
"Dehejia-Wahba Sample",1,22,484,10648,9,81,1,0,0,1,0,0,0,0,4056.493896484375,1,1,1
"Dehejia-Wahba Sample",1,23,529,12167,12,144,1,0,0,0,0,0,0,0,0,1,1,1
"Dehejia-Wahba Sample",1,32,1024,32768,11,121,1,0,0,1,0,0,0,0,8472.158203125,1,1,1
"Dehejia-Wahba Sample",1,22,484,10648,16,256,1,0,0,0,0,0,0,0,2164.02197265625,1,1,1
"Dehejia-Wahba Sample",1,33,1089,35937,12,144,0,0,1,0,0,0,0,0,12418.0703125,1,1,1
"Dehejia-Wahba Sample",1,19,361,6859,9,81,1,0,0,1,0,0,0,0,8173.908203125,1,1,1
"Dehejia-Wahba Sample",1,21,441,9261,13,169,1,0,0,0,0,0,0,0,17094.640625,1,1,1
"Dehejia-Wahba Sample",1,18,324,5832,8,64,1,0,0,1,0,0,0,0,0,1,1,1
"Dehejia-Wahba Sample",1,27,729,19683,10,100,1,0,1,1,0,0,0,0,18739.9296875,1,1,1
"Dehejia-Wahba Sample",1,17,289,4913,7,49,1,0,0,1,0,0,0,0,3023.87890625,1,1,1
"Dehejia-Wahba Sample",1,19,361,6859,10,100,1,0,0,1,0,0,0,0,3228.5029296875,1,1,1
"Dehejia-Wahba Sample",1,27,729,19683,13,169,1,0,0,0,0,0,0,0,14581.8603515625,1,1,1
"Dehejia-Wahba Sample",1,23,529,12167,10,100,1,0,0,1,0,0,0,0,7693.39990234375,1,1,1
"Dehejia-Wahba Sample",1,40,1600,64000,12,144,1,0,0,0,0,0,0,0,10804.3203125,1,1,1
"Dehejia-Wahba Sample",1,26,676,17576,12,144,1,0,0,0,0,0,0,0,10747.349609375,1,1,1
"Dehejia-Wahba Sample",1,23,529,12167,11,121,1,0,0,1,0,0,0,0,0,1,1,1
"Dehejia-Wahba Sample",1,41,1681,68921,14,196,0,0,0,0,0,0,0,0,5149.5009765625,1,1,1
"Dehejia-Wahba Sample",1,38,1444,54872,9,81,0,0,0,1,0,0,0,0,6408.9501953125,1,1,1
"Dehejia-Wahba Sample",1,24,576,13824,11,121,1,0,0,1,0,0,0,0,1991.4000244140625,1,1,1
"Dehejia-Wahba Sample",1,18,324,5832,10,100,1,0,0,1,0,0,0,0,11163.169921875,1,1,1
"Dehejia-Wahba Sample",1,29,841,24389,11,121,1,0,1,1,0,0,0,0,9642.9990234375,1,1,1
"Dehejia-Wahba Sample",1,25,625,15625,11,121,1,0,0,1,0,0,0,0,9897.048828125,1,1,1
"Dehejia-Wahba Sample",1,27,729,19683,10,100,0,1,0,1,0,0,0,0,11142.8701171875,1,1,1
"Dehejia-Wahba Sample",1,17,289,4913,10,100,1,0,0,1,0,0,0,0,16218.0400390625,1,1,1
"Dehejia-Wahba Sample",1,24,576,13824,11,121,1,0,0,1,0,0,0,0,995.7001953125,1,1,1
"Dehejia-Wahba Sample",1,17,289,4913,10,100,1,0,0,1,0,0,0,0,0,1,1,1
"Dehejia-Wahba Sample",1,48,2304,110592,4,16,1,0,0,1,0,0,0,0,6551.591796875,1,1,1
"Dehejia-Wahba Sample",1,25,625,15625,11,121,1,0,1,1,0,0,0,0,1574.4239501953125,1,1,1
"Dehejia-Wahba Sample",1,20,400,8000,12,144,1,0,0,0,0,0,0,0,0,1,1,1
"Dehejia-Wahba Sample",1,25,625,15625,12,144,1,0,0,0,0,0,0,0,3191.7529296875,1,1,1
"Dehejia-Wahba Sample",1,42,1764,74088,14,196,1,0,0,0,0,0,0,0,20505.9296875,1,1,1
"Dehejia-Wahba Sample",1,25,625,15625,5,25,1,0,0,1,0,0,0,0,6181.8798828125,1,1,1
"Dehejia-Wahba Sample",1,23,529,12167,12,144,1,0,1,0,0,0,0,0,5911.55078125,1,1,1
"Dehejia-Wahba Sample",1,46,2116,97336,8,64,1,0,1,1,0,0,0,0,3094.156005859375,1,1,1
"Dehejia-Wahba Sample",1,24,576,13824,10,100,1,0,0,1,0,0,0,0,0,1,1,1
"Dehejia-Wahba Sample",1,21,441,9261,12,144,1,0,0,0,0,0,0,0,1254.58203125,1,1,1
"Dehejia-Wahba Sample",1,19,361,6859,9,81,0,0,0,1,0,0,0,0,13188.830078125,1,1,1
"Dehejia-Wahba Sample",1,17,289,4913,8,64,1,0,0,1,0,0,0,0,8061.48486328125,1,1,1
"Dehejia-Wahba Sample",1,18,324,5832,8,64,0,1,1,1,0,0,0,0,2787.9599609375,1,1,1
"Dehejia-Wahba Sample",1,20,400,8000,11,121,1,0,0,1,0,0,0,0,3972.5400390625,1,1,1
"Dehejia-Wahba Sample",1,25,625,15625,11,121,1,0,1,1,0,0,0,0,0,1,1,1
"Dehejia-Wahba Sample",1,17,289,4913,8,64,1,0,0,1,0,0,0,0,0,1,1,1
"Dehejia-Wahba Sample",1,17,289,4913,9,81,1,0,0,1,0,0,0,0,0,1,1,1
"Dehejia-Wahba Sample",1,25,625,15625,5,25,1,0,0,1,0,0,0,0,12187.41015625,1,1,1
"Dehejia-Wahba Sample",1,23,529,12167,12,144,1,0,0,0,0,0,0,0,4843.17578125,1,1,1
"Dehejia-Wahba Sample",1,28,784,21952,8,64,1,0,0,1,0,0,0,0,0,1,1,1
"Dehejia-Wahba Sample",1,31,961,29791,11,121,1,0,1,1,0,0,0,0,8087.48681640625,1,1,1
"Dehejia-Wahba Sample",1,18,324,5832,11,121,1,0,0,1,0,0,0,0,0,1,1,1
"Dehejia-Wahba Sample",1,25,625,15625,12,144,1,0,0,0,0,0,0,0,2348.972900390625,1,1,1
"Dehejia-Wahba Sample",1,30,900,27000,11,121,1,0,1,1,0,0,0,0,590.78179931640625,1,1,1
"Dehejia-Wahba Sample",1,17,289,4913,10,100,1,0,0,1,0,0,0,0,0,1,1,1
"Dehejia-Wahba Sample",1,37,1369,50653,9,81,1,0,0,1,0,0,0,0,1067.5059814453125,1,1,1
"Dehejia-Wahba Sample",1,41,1681,68921,4,16,1,0,1,1,0,0,0,0,7284.98583984375,1,1,1
"Dehejia-Wahba Sample",1,42,1764,74088,14,196,1,0,1,0,0,0,0,0,13167.51953125,1,1,1
"Dehejia-Wahba Sample",1,22,484,10648,11,121,0,0,0,1,0,0,0,0,1048.4320068359375,1,1,1
"Dehejia-Wahba Sample",1,17,289,4913,8,64,1,0,0,1,0,0,0,0,0,1,1,1
"Dehejia-Wahba Sample",1,29,841,24389,8,64,1,0,0,1,0,0,0,0,1923.93798828125,1,1,1
"Dehejia-Wahba Sample",1,35,1225,42875,10,100,1,0,0,1,0,0,0,0,4666.23583984375,1,1,1
"Dehejia-Wahba Sample",1,27,729,19683,11,121,1,0,0,1,0,0,0,0,549.29840087890625,1,1,1
"Dehejia-Wahba Sample",1,29,841,24389,4,16,1,0,0,1,0,0,0,0,762.91461181640625,1,1,1
"Dehejia-Wahba Sample",1,28,784,21952,9,81,1,0,0,1,0,0,0,0,10694.2900390625,1,1,1
"Dehejia-Wahba Sample",1,27,729,19683,11,121,1,0,0,1,0,0,0,0,0,1,1,1
"Dehejia-Wahba Sample",1,23,529,12167,7,49,0,0,0,1,0,0,0,0,0,1,1,1
"Dehejia-Wahba Sample",1,45,2025,91125,5,25,1,0,1,1,0,0,0,0,8546.71484375,1,1,1
"Dehejia-Wahba Sample",1,29,841,24389,13,169,1,0,0,0,0,0,0,0,7479.65576171875,1,1,1
"Dehejia-Wahba Sample",1,27,729,19683,9,81,1,0,0,1,0,0,0,0,0,1,1,1
"Dehejia-Wahba Sample",1,46,2116,97336,13,169,1,0,0,0,0,0,0,0,647.20458984375,1,1,1
"Dehejia-Wahba Sample",1,18,324,5832,6,36,1,0,0,1,0,0,0,0,0,1,1,1
"Dehejia-Wahba Sample",1,25,625,15625,12,144,1,0,0,0,0,0,0,0,11965.8095703125,1,1,1
"Dehejia-Wahba Sample",1,28,784,21952,15,225,1,0,0,0,0,0,0,0,9598.541015625,1,1,1
"Dehejia-Wahba Sample",1,25,625,15625,11,121,0,0,0,1,0,0,0,0,18783.349609375,1,1,1
"Dehejia-Wahba Sample",1,22,484,10648,12,144,1,0,0,0,0,0,0,0,18678.080078125,1,1,1
"Dehejia-Wahba Sample",1,21,441,9261,9,81,1,0,0,1,0,0,0,0,0,1,1,1
"Dehejia-Wahba Sample",1,40,1600,64000,11,121,1,0,0,1,0,0,0,0,23005.599609375,1,1,1
"Dehejia-Wahba Sample",1,22,484,10648,11,121,1,0,0,1,0,0,0,0,6456.69677734375,1,1,1
"Dehejia-Wahba Sample",1,25,625,15625,12,144,1,0,0,0,0,0,0,0,0,1,1,1
"Dehejia-Wahba Sample",1,18,324,5832,12,144,1,0,0,0,0,0,0,0,2321.10693359375,1,1,1
"Dehejia-Wahba Sample",1,38,1444,54872,12,144,0,0,0,0,0,0,0,0,4941.84912109375,1,1,1
"Dehejia-Wahba Sample",1,27,729,19683,13,169,1,0,0,0,0,0,0,0,0,1,1,1
"Dehejia-Wahba Sample",1,27,729,19683,8,64,1,0,0,1,0,0,0,0,0,1,1,1
"Dehejia-Wahba Sample",1,38,1444,54872,11,121,1,0,0,1,0,0,0,0,0,1,1,1
"Dehejia-Wahba Sample",1,23,529,12167,8,64,0,1,0,1,0,0,0,0,3881.283935546875,1,1,1
"Dehejia-Wahba Sample",1,26,676,17576,11,121,1,0,0,1,0,0,0,0,17230.9609375,1,1,1
"Dehejia-Wahba Sample",1,21,441,9261,12,144,0,0,0,0,0,0,0,0,8048.60302734375,1,1,1
"Dehejia-Wahba Sample",1,25,625,15625,8,64,1,0,0,1,0,0,0,0,0,1,1,1
"Dehejia-Wahba Sample",1,31,961,29791,11,121,1,0,1,1,0,0,0,0,14509.9296875,1,1,1
"Dehejia-Wahba Sample",1,17,289,4913,10,100,1,0,0,1,0,0,0,0,0,1,1,1
"Dehejia-Wahba Sample",1,25,625,15625,11,121,1,0,0,1,0,0,0,0,0,1,1,1
"Dehejia-Wahba Sample",1,21,441,9261,12,144,1,0,0,0,0,0,0,0,9983.7841796875,1,1,1
"Dehejia-Wahba Sample",1,44,1936,85184,11,121,1,0,0,1,0,0,0,0,0,1,1,1
"Dehejia-Wahba Sample",1,25,625,15625,12,144,0,0,0,0,0,0,0,0,5587.5029296875,1,1,1
"Dehejia-Wahba Sample",1,18,324,5832,9,81,1,0,0,1,0,0,0,0,4482.84521484375,1,1,1
"Dehejia-Wahba Sample",1,42,1764,74088,12,144,1,0,0,0,0,0,0,0,2456.153076171875,1,1,1
"Dehejia-Wahba Sample",1,25,625,15625,10,100,1,0,0,1,0,0,0,0,0,1,1,1
"Dehejia-Wahba Sample",1,31,961,29791,9,81,0,1,0,1,0,0,0,0,26817.599609375,1,1,1
"Dehejia-Wahba Sample",1,24,576,13824,10,100,1,0,0,1,0,0,0,0,0,1,1,1
"Dehejia-Wahba Sample",1,26,676,17576,10,100,1,0,0,1,0,0,0,0,9265.7880859375,1,1,1
"Dehejia-Wahba Sample",1,25,625,15625,11,121,1,0,0,1,0,0,0,0,485.22979736328125,1,1,1
"Dehejia-Wahba Sample",1,18,324,5832,11,121,1,0,0,1,0,0,0,0,4814.626953125,1,1,1
"Dehejia-Wahba Sample",1,19,361,6859,11,121,1,0,0,1,0,0,0,0,7458.10498046875,1,1,1
"Dehejia-Wahba Sample",1,43,1849,79507,9,81,1,0,0,1,0,0,0,0,0,1,1,1
"Dehejia-Wahba Sample",1,27,729,19683,13,169,1,0,0,0,0,0,0,0,34099.28125,1,1,1
"Dehejia-Wahba Sample",1,17,289,4913,9,81,1,0,0,1,0,0,0,0,1953.2679443359375,1,1,1
"Dehejia-Wahba Sample",1,30,900,27000,11,121,1,0,0,1,0,0,0,0,0,1,1,1
"Dehejia-Wahba Sample",1,26,676,17576,10,100,1,0,1,1,2027.9990234375,4112780.0390634537,0,0,0,0,1,1
"Dehejia-Wahba Sample",1,20,400,8000,9,81,1,0,0,1,6083.994140625,37014984.70315933,0,0,8881.6650390625,0,1,1
"Dehejia-Wahba Sample",1,17,289,4913,9,81,0,1,0,1,445.17041015625,198176.69407868385,74.34345245361328,5526.948922722659,6210.669921875,0,0,1
"Dehejia-Wahba Sample",1,20,400,8000,12,144,1,0,0,0,989.267822265625,978650.8241701722,165.20770263671875,27293.585010502487,0,0,0,1
"Dehejia-Wahba Sample",1,18,324,5832,11,121,1,0,0,1,858.2542724609375,736600.3961974531,214.5635986328125,46037.53785826266,929.8839111328125,0,0,1
"Dehejia-Wahba Sample",1,27,729,19683,12,144,1,0,1,0,3670.8720703125,13475301.75660038,334.0492858886719,111588.92540273163,0,0,0,1
"Dehejia-Wahba Sample",1,21,441,9261,12,144,0,0,0,0,3670.8720703125,13475301.75660038,334.0494079589844,111589.00695774797,12558.01953125,0,0,1
"Dehejia-Wahba Sample",1,27,729,19683,12,144,1,0,0,0,2143.4130859375,4594219.656968117,357.94989013671875,128128.12384888902,22163.25,0,0,1
"Dehejia-Wahba Sample",1,20,400,8000,12,144,1,0,0,0,0,0,377.568603515625,142558.05036073923,1652.636962890625,1,0,1
"Dehejia-Wahba Sample",1,19,361,6859,10,100,1,0,0,1,0,0,385.27410888671875,148436.13897845522,8124.71484375,1,0,1
"Dehejia-Wahba Sample",1,23,529,12167,12,144,1,0,0,0,5506.30810546875,30319428.952350855,501.0740966796875,251075.25036336482,671.331787109375,0,0,1
"Dehejia-Wahba Sample",1,29,841,24389,14,196,1,0,0,0,0,0,679.67340087890625,461955.9318622984,17814.98046875,1,0,1
"Dehejia-Wahba Sample",1,18,324,5832,10,100,1,0,0,1,0,0,798.90789794921875,638253.8294056393,9737.154296875,1,0,1
"Dehejia-Wahba Sample",1,19,361,6859,9,81,1,0,0,1,0,0,798.90789794921875,638253.8294056393,17685.1796875,1,0,1
"Dehejia-Wahba Sample",1,27,729,19683,13,169,0,0,1,0,9381.56640625,88013788.23487854,853.72247314453125,728842.0611520149,0,0,0,1
"Dehejia-Wahba Sample",1,18,324,5832,11,121,0,0,0,1,3678.23095703125,13529382.973263025,919.55792236328125,845586.7725810744,4321.705078125,0,0,1
"Dehejia-Wahba Sample",1,27,729,19683,9,81,1,0,1,1,0,0,934.44537353515625,873188.1561212577,1773.4229736328125,1,0,1
"Dehejia-Wahba Sample",1,22,484,10648,12,144,1,0,0,0,5605.85205078125,31425577.215248346,936.17730712890625,876427.9503831305,0,0,0,1
"Dehejia-Wahba Sample",1,23,529,12167,10,100,1,0,1,1,0,0,936.4385986328125,876917.2490093857,11233.259765625,1,0,1
"Dehejia-Wahba Sample",1,23,529,12167,12,144,0,1,0,0,9385.740234375,88092119.74716568,1117.43896484375,1248669.8401510715,559.44317626953125,0,0,1
"Dehejia-Wahba Sample",1,20,400,8000,11,121,1,0,0,1,3637.498046875,13231392.04101944,1220.8360595703125,1490440.6843471676,1085.43994140625,0,0,1
"Dehejia-Wahba Sample",1,17,289,4913,9,81,1,0,0,1,1716.509033203125,2946403.261067927,1253.43896484375,1571109.2385885715,5445.2001953125,0,0,1
"Dehejia-Wahba Sample",1,28,784,21952,11,121,1,0,0,1,0,0,1284.0789794921875,1648858.8255736977,60307.9296875,1,0,1
"Dehejia-Wahba Sample",1,26,676,17576,11,121,1,0,1,1,0,0,1392.85302734375,1940039.5557806492,1460.3599853515625,1,0,1
"Dehejia-Wahba Sample",1,20,400,8000,11,121,1,0,0,1,16318.6201171875,266297362.52907658,1484.9940185546875,2205207.2351431996,6943.341796875,0,0,1
"Dehejia-Wahba Sample",1,24,576,13824,11,121,1,0,1,1,824.38861083984375,679616.5816824473,1666.113037109375,2775932.6524258256,4032.7080078125,0,0,1
"Dehejia-Wahba Sample",1,31,961,29791,9,81,1,0,0,1,0,0,1698.6070556640625,2885265.9295517355,10363.26953125,1,0,1
"Dehejia-Wahba Sample",1,23,529,12167,8,64,0,0,1,1,0,0,1713.1500244140625,2934883.006149903,4232.30908203125,1,0,1
"Dehejia-Wahba Sample",1,18,324,5832,10,100,1,0,0,1,2143.410888671875,4594210.237677157,1784.2740478515625,3183633.8778366,11141.3896484375,0,0,1
"Dehejia-Wahba Sample",1,29,841,24389,12,144,1,0,0,0,10881.9404296875,118416627.51526737,1817.2840576171875,3302521.3460695893,0,0,0,1
"Dehejia-Wahba Sample",1,26,676,17576,11,121,0,0,0,1,0,0,2226.26611328125,4956260.807144403,13385.8603515625,1,0,1
"Dehejia-Wahba Sample",1,24,576,13824,9,81,1,0,0,1,9154.7001953125,83808535.66605473,2288.675048828125,5238033.47912842,4849.55908203125,0,0,1
"Dehejia-Wahba Sample",1,25,625,15625,12,144,1,0,0,0,14426.7900390625,208132270.83119297,2409.27392578125,5804600.849449396,0,0,0,1
"Dehejia-Wahba Sample",1,24,576,13824,10,100,1,0,0,1,4250.40185546875,18065915.932972193,2421.947021484375,5865827.374877036,1660.508056640625,0,0,1
"Dehejia-Wahba Sample",1,46,2116,97336,8,64,1,0,0,1,3165.657958984375,10021390.313281119,2594.722900390625,6732586.929811537,0,0,0,1
"Dehejia-Wahba Sample",1,31,961,29791,12,144,0,0,0,0,0,0,2611.218017578125,6818459.535324633,2484.549072265625,1,0,1
"Dehejia-Wahba Sample",1,19,361,6859,11,121,1,0,0,1,2305.02587890625,5313144.30242753,2615.27587890625,6839667.922788858,4146.60302734375,0,0,1
"Dehejia-Wahba Sample",1,19,361,6859,8,64,1,0,0,1,0,0,2657.056884765625,7059951.288880408,9970.6806640625,1,0,1
"Dehejia-Wahba Sample",1,27,729,19683,11,121,1,0,0,1,2206.93994140625,4870583.904974222,2666.27392578125,7109016.647300959,0,0,0,1
"Dehejia-Wahba Sample",1,26,676,17576,11,121,1,0,1,1,0,0,2754.64599609375,7588074.563795328,26372.279296875,1,0,1
"Dehejia-Wahba Sample",1,20,400,8000,10,100,1,0,0,1,5005.73095703125,25057342.414180994,2777.35498046875,7713700.687534571,5615.18896484375,0,0,1
"Dehejia-Wahba Sample",1,28,784,21952,10,100,1,0,0,1,0,0,2836.506103515625,8045766.8752813935,3196.571044921875,1,0,1
"Dehejia-Wahba Sample",1,24,576,13824,12,144,1,0,0,0,13765.75,189495873.0625,2842.763916015625,8081306.682200491,6167.68115234375,0,0,1
"Dehejia-Wahba Sample",1,19,361,6859,8,64,1,0,0,1,2636.35302734375,6950357.284784555,2937.263916015625,8627519.312327445,7535.94189453125,0,0,1
"Dehejia-Wahba Sample",1,23,529,12167,12,144,1,0,0,0,6269.3408203125,39304634.32123661,3039.9599609375,9241356.564103127,8484.2392578125,0,0,1
"Dehejia-Wahba Sample",1,42,1764,74088,9,81,1,0,1,1,0,0,3058.531005859375,9354611.91380316,1294.4090576171875,1,0,1
"Dehejia-Wahba Sample",1,25,625,15625,13,169,1,0,0,0,12362.9296875,152842030.45806885,3090.73193359375,9552623.88533616,0,0,0,1
"Dehejia-Wahba Sample",1,18,324,5832,9,81,1,0,0,1,0,0,3287.375,10806834.390625,5010.341796875,1,0,1
"Dehejia-Wahba Sample",1,21,441,9261,12,144,1,0,0,0,6473.68310546875,41908572.95003152,3332.408935546875,11104949.313712656,9371.037109375,0,0,1
"Dehejia-Wahba Sample",1,27,729,19683,10,100,1,0,0,1,1001.14599609375,1002293.3054945469,3550.074951171875,12603032.15893799,0,0,0,1
"Dehejia-Wahba Sample",1,21,441,9261,8,64,1,0,0,1,989.267822265625,978650.8241701722,3695.89697265625,13659654.432489634,4279.61279296875,0,0,1
"Dehejia-Wahba Sample",1,22,484,10648,9,81,1,0,0,1,2192.876953125,4808709.331546783,3836.986083984375,14722462.20868975,3462.56396484375,0,0,1
"Dehejia-Wahba Sample",1,31,961,29791,4,16,1,0,0,1,8517.5888671875,72549320.11043644,4023.2109375,16186226.247619629,7382.548828125,0,0,1
"Dehejia-Wahba Sample",1,24,576,13824,10,100,1,0,1,1,11703.2001953125,136964894.81156254,4078.152099609375,16631324.547548354,0,0,0,1
"Dehejia-Wahba Sample",1,29,841,24389,10,100,1,0,0,1,0,0,4398.9501953125,19350762.820839882,0,1,0,1
"Dehejia-Wahba Sample",1,29,841,24389,12,144,1,0,0,0,9748.38671875,95031043.61830139,4878.93701171875,23804026.364319086,10976.509765625,0,0,1
"Dehejia-Wahba Sample",1,19,361,6859,10,100,0,0,0,1,0,0,5324.10888671875,28346135.437637568,13829.6201171875,1,0,1
"Dehejia-Wahba Sample",1,19,361,6859,11,121,0,1,1,1,5424.48486328125,29425036.0319674,5463.80322265625,29853145.655908823,6788.462890625,0,0,1
"Dehejia-Wahba Sample",1,31,961,29791,9,81,1,0,0,1,10717.0302734375,114854737.88177586,5517.8408203125,30446567.318306923,9558.5009765625,0,0,1
"Dehejia-Wahba Sample",1,22,484,10648,10,100,1,0,1,1,1468.3480224609375,2156045.915064946,5588.6640625,31233166.003479004,13228.2802734375,0,0,1
"Dehejia-Wahba Sample",1,21,441,9261,9,81,1,0,0,1,6416.47021484375,41171090.017977,5749.3310546875,33054807.57639408,743.6666259765625,0,0,1
"Dehejia-Wahba Sample",1,17,289,4913,10,100,1,0,0,1,1291.468017578125,1667889.6404271722,5793.85205078125,33568721.5863421,5522.7880859375,0,0,1
"Dehejia-Wahba Sample",1,26,676,17576,12,144,1,0,1,0,8408.76171875,70707273.64271545,5794.8310546875,33580066.95237064,1424.9439697265625,0,0,1
"Dehejia-Wahba Sample",1,20,400,8000,9,81,0,1,0,1,12260.7802734375,150326732.91351414,5875.048828125,34516198.732852936,1358.6429443359375,0,0,1
"Dehejia-Wahba Sample",1,19,361,6859,10,100,1,0,0,1,4121.94921875,16990465.361953735,6056.75390625,36684267.880874634,0,0,0,1
"Dehejia-Wahba Sample",1,26,676,17576,10,100,1,0,0,1,25929.6796875,672348288.6963501,6788.9580078125,46089950.83184147,672.8773193359375,0,0,1
"Dehejia-Wahba Sample",1,28,784,21952,11,121,1,0,0,1,1929.029052734375,3721153.08629328,6871.85595703125,47222404.29418588,0,0,0,1
"Dehejia-Wahba Sample",1,22,484,10648,12,144,0,1,1,0,492.2304992675781,242290.86440920923,7055.7021484375,49782932.80746555,10092.830078125,0,0,1
"Dehejia-Wahba Sample",1,33,1089,35937,11,121,1,0,0,1,0,0,7867.916015625,61904102.428928375,6281.43310546875,1,0,1
"Dehejia-Wahba Sample",1,22,484,10648,12,144,0,0,0,0,6759.994140625,45697520.78128433,8455.50390625,71495546.30860901,12590.7099609375,0,0,1
"Dehejia-Wahba Sample",1,29,841,24389,10,100,0,1,0,1,0,0,8853.673828125,78387540.25482559,5112.01416015625,1,0,1
"Dehejia-Wahba Sample",1,33,1089,35937,12,144,1,0,1,0,20279.94921875,411276340.31507874,10941.349609375,119713131.27457047,15952.599609375,0,0,1
"Dehejia-Wahba Sample",1,25,625,15625,14,196,1,0,1,0,35040.0703125,1227806527.5049438,11536.5703125,133092454.57525635,36646.94921875,0,0,1
"Dehejia-Wahba Sample",1,35,1225,42875,9,81,1,0,1,1,13602.4296875,185026093.40338135,13830.6396484375,191286593.08493137,12803.9697265625,0,0,1
"Dehejia-Wahba Sample",1,35,1225,42875,8,64,1,0,1,1,13732.0703125,188569755.06744385,17976.150390625,323141982.86636734,3786.6279296875,0,0,1
"Dehejia-Wahba Sample",1,33,1089,35937,11,121,1,0,1,1,14660.7099609375,214936416.55873203,25142.240234375,632132244.003025,4181.94189453125,0,0,1
"Dehejia-Wahba Sample",0,23,529,12167,10,100,1,0,0,1,0,0,0,0,0,1,1,2
"Dehejia-Wahba Sample",0,26,676,17576,12,144,0,0,0,0,0,0,0,0,12383.6796875,1,1,2
"Dehejia-Wahba Sample",0,22,484,10648,9,81,1,0,0,1,0,0,0,0,0,1,1,2
"Dehejia-Wahba Sample",0,18,324,5832,9,81,1,0,0,1,0,0,0,0,10740.080078125,1,1,2
"Dehejia-Wahba Sample",0,45,2025,91125,11,121,1,0,0,1,0,0,0,0,11796.4697265625,1,1,2
"Dehejia-Wahba Sample",0,18,324,5832,9,81,1,0,0,1,0,0,0,0,9227.0517578125,1,1,2
"Dehejia-Wahba Sample",0,24,576,13824,8,64,0,0,0,1,0,0,0,0,10569.26953125,1,1,2
"Dehejia-Wahba Sample",0,34,1156,39304,11,121,1,0,1,1,0,0,0,0,6040.3349609375,1,1,2
"Dehejia-Wahba Sample",0,24,576,13824,4,16,0,1,0,1,0,0,0,0,3880.8330078125,1,1,2
"Dehejia-Wahba Sample",0,36,1296,46656,10,100,1,0,0,1,0,0,0,0,0,1,1,2
"Dehejia-Wahba Sample",0,21,441,9261,14,196,1,0,0,0,0,0,0,0,5775.06201171875,1,1,2
"Dehejia-Wahba Sample",0,28,784,21952,9,81,1,0,0,1,0,0,0,0,0,1,1,2
"Dehejia-Wahba Sample",0,27,729,19683,7,49,1,0,1,1,0,0,0,0,0,1,1,2
"Dehejia-Wahba Sample",0,19,361,6859,11,121,0,0,0,1,0,0,0,0,0,1,1,2
"Dehejia-Wahba Sample",0,20,400,8000,8,64,1,0,0,1,0,0,0,0,0,1,1,2
"Dehejia-Wahba Sample",0,34,1156,39304,12,144,1,0,0,0,0,0,0,0,2113.721923828125,1,1,2
"Dehejia-Wahba Sample",0,24,576,13824,10,100,1,0,0,1,0,0,0,0,7618.63916015625,1,1,2
"Dehejia-Wahba Sample",0,22,484,10648,8,64,0,1,0,1,0,0,0,0,9920.9453125,1,1,2
"Dehejia-Wahba Sample",0,25,625,15625,11,121,1,0,0,1,0,0,0,0,4196.375,1,1,2
"Dehejia-Wahba Sample",0,39,1521,59319,9,81,1,0,0,1,0,0,0,0,0,1,1,2
"Dehejia-Wahba Sample",0,19,361,6859,9,81,1,0,1,1,0,0,0,0,16658.25,1,1,2
"Dehejia-Wahba Sample",0,44,1936,85184,9,81,1,0,0,1,0,0,0,0,9722.0029296875,1,1,2
"Dehejia-Wahba Sample",0,27,729,19683,8,64,1,0,0,1,0,0,0,0,3783.659912109375,1,1,2
"Dehejia-Wahba Sample",0,25,625,15625,8,64,1,0,0,1,0,0,0,0,3515.928955078125,1,1,2
"Dehejia-Wahba Sample",0,31,961,29791,10,100,1,0,0,1,0,0,0,0,17014.58984375,1,1,2
"Dehejia-Wahba Sample",0,34,1156,39304,10,100,1,0,1,1,0,0,0,0,0,1,1,2
"Dehejia-Wahba Sample",0,21,441,9261,7,49,0,1,0,1,0,0,0,0,0,1,1,2
"Dehejia-Wahba Sample",0,33,1089,35937,12,144,1,0,0,0,0,0,0,0,5970.2568359375,1,1,2
"Dehejia-Wahba Sample",0,18,324,5832,10,100,0,1,0,1,0,0,0,0,1859.1669921875,1,1,2
"Dehejia-Wahba Sample",0,26,676,17576,12,144,1,0,1,0,0,0,0,0,6191.94287109375,1,1,2
"Dehejia-Wahba Sample",0,31,961,29791,12,144,1,0,0,0,0,0,0,0,7284.39404296875,1,1,2
"Dehejia-Wahba Sample",0,35,1225,42875,10,100,1,0,0,1,0,0,0,0,445.8309020996094,1,1,2
"Dehejia-Wahba Sample",0,20,400,8000,12,144,1,0,0,0,0,0,0,0,0,1,1,2
"Dehejia-Wahba Sample",0,25,625,15625,11,121,1,0,0,1,0,0,0,0,0,1,1,2
"Dehejia-Wahba Sample",0,25,625,15625,10,100,1,0,0,1,0,0,0,0,7367.0400390625,1,1,2
"Dehejia-Wahba Sample",0,35,1225,42875,11,121,1,0,0,1,0,0,0,0,0,1,1,2
"Dehejia-Wahba Sample",0,20,400,8000,10,100,1,0,0,1,0,0,0,0,2015.5030517578125,1,1,2
"Dehejia-Wahba Sample",0,25,625,15625,9,81,0,1,0,1,0,0,0,0,15791.1298828125,1,1,2
"Dehejia-Wahba Sample",0,27,729,19683,10,100,1,0,0,1,0,0,0,0,1135.469970703125,1,1,2
"Dehejia-Wahba Sample",0,20,400,8000,11,121,0,1,0,1,0,0,0,0,6378.72021484375,1,1,2
"Dehejia-Wahba Sample",0,26,676,17576,11,121,1,0,0,1,0,0,0,0,7176.18701171875,1,1,2
"Dehejia-Wahba Sample",0,38,1444,54872,8,64,1,0,0,1,0,0,0,0,0,1,1,2
"Dehejia-Wahba Sample",0,34,1156,39304,10,100,1,0,0,1,0,0,0,0,7952.5400390625,1,1,2
"Dehejia-Wahba Sample",0,19,361,6859,12,144,1,0,0,0,0,0,0,0,0,1,1,2
"Dehejia-Wahba Sample",0,32,1024,32768,8,64,1,0,0,1,0,0,0,0,7152.1318359375,1,1,2
"Dehejia-Wahba Sample",0,20,400,8000,9,81,0,1,0,1,0,0,0,0,8329.8232421875,1,1,2
"Dehejia-Wahba Sample",0,23,529,12167,10,100,1,0,0,1,0,0,0,0,0,1,1,2
"Dehejia-Wahba Sample",0,38,1444,54872,10,100,1,0,0,1,0,0,0,0,12429.91015625,1,1,2
"Dehejia-Wahba Sample",0,24,576,13824,11,121,1,0,0,1,0,0,0,0,0,1,1,2
"Dehejia-Wahba Sample",0,23,529,12167,11,121,1,0,0,1,0,0,0,0,5088.759765625,1,1,2
"Dehejia-Wahba Sample",0,20,400,8000,7,49,0,1,0,1,0,0,0,0,4374.0400390625,1,1,2
"Dehejia-Wahba Sample",0,21,441,9261,11,121,1,0,0,1,0,0,0,0,1553.291015625,1,1,2
"Dehejia-Wahba Sample",0,25,625,15625,10,100,1,0,0,1,0,0,0,0,0,1,1,2
"Dehejia-Wahba Sample",0,22,484,10648,11,121,1,0,1,1,0,0,0,0,1698.303955078125,1,1,2
"Dehejia-Wahba Sample",0,23,529,12167,11,121,1,0,0,1,0,0,0,0,0,1,1,2
"Dehejia-Wahba Sample",0,24,576,13824,12,144,0,0,0,0,0,0,0,0,11294.6298828125,1,1,2
"Dehejia-Wahba Sample",0,29,841,24389,11,121,1,0,0,1,0,0,0,0,0,1,1,2
"Dehejia-Wahba Sample",0,24,576,13824,11,121,1,0,0,1,0,0,0,0,14626.3896484375,1,1,2
"Dehejia-Wahba Sample",0,22,484,10648,9,81,1,0,0,1,0,0,0,0,12898.3798828125,1,1,2
"Dehejia-Wahba Sample",0,28,784,21952,11,121,1,0,0,1,0,0,0,0,5767.1328125,1,1,2
"Dehejia-Wahba Sample",0,18,324,5832,10,100,0,1,0,1,0,0,0,0,6527.9189453125,1,1,2
"Dehejia-Wahba Sample",0,26,676,17576,10,100,1,0,0,1,0,0,0,0,3931.238037109375,1,1,2
"Dehejia-Wahba Sample",0,25,625,15625,10,100,1,0,0,1,0,0,0,0,20942.240234375,1,1,2
"Dehejia-Wahba Sample",0,24,576,13824,10,100,1,0,0,1,0,0,0,0,0,1,1,2
"Dehejia-Wahba Sample",0,26,676,17576,5,25,1,0,0,1,0,0,0,0,0,1,1,2
"Dehejia-Wahba Sample",0,36,1296,46656,10,100,1,0,0,1,0,0,0,0,14690.349609375,1,1,2
"Dehejia-Wahba Sample",0,22,484,10648,11,121,1,0,0,1,0,0,0,0,0,1,1,2
"Dehejia-Wahba Sample",0,25,625,15625,12,144,1,0,0,0,0,0,0,0,3418.096923828125,1,1,2
"Dehejia-Wahba Sample",0,27,729,19683,11,121,1,0,0,1,0,0,0,0,11197.33984375,1,1,2
"Dehejia-Wahba Sample",0,29,841,24389,8,64,1,0,0,1,0,0,0,0,0,1,1,2
"Dehejia-Wahba Sample",0,24,576,13824,12,144,1,0,0,0,0,0,0,0,0,1,1,2
"Dehejia-Wahba Sample",0,22,484,10648,10,100,1,0,0,1,0,0,0,0,0,1,1,2
"Dehejia-Wahba Sample",0,24,576,13824,7,49,1,0,0,1,0,0,0,0,1455.68994140625,1,1,2
"Dehejia-Wahba Sample",0,29,841,24389,12,144,1,0,0,0,0,0,0,0,1890.93701171875,1,1,2
"Dehejia-Wahba Sample",0,25,625,15625,11,121,0,1,1,1,0,0,0,0,4485.6162109375,1,1,2
"Dehejia-Wahba Sample",0,30,900,27000,12,144,1,0,0,0,0,0,0,0,13613.349609375,1,1,2
"Dehejia-Wahba Sample",0,22,484,10648,8,64,1,0,0,1,0,0,0,0,1390.509033203125,1,1,2
"Dehejia-Wahba Sample",0,55,3025,166375,3,9,1,0,0,1,0,0,0,0,5843.7958984375,1,1,2
"Dehejia-Wahba Sample",0,20,400,8000,10,100,1,0,0,1,0,0,0,0,8598.5224609375,1,1,2
"Dehejia-Wahba Sample",0,34,1156,39304,11,121,1,0,0,1,0,0,0,0,2920.198974609375,1,1,2
"Dehejia-Wahba Sample",0,22,484,10648,12,144,1,0,0,0,0,0,0,0,0,1,1,2
"Dehejia-Wahba Sample",0,32,1024,32768,12,144,0,1,1,0,0,0,0,0,6735.31982421875,1,1,2
"Dehejia-Wahba Sample",0,31,961,29791,10,100,1,0,0,1,0,0,0,0,0,1,1,2
"Dehejia-Wahba Sample",0,18,324,5832,9,81,1,0,0,1,0,0,0,0,0,1,1,2
"Dehejia-Wahba Sample",0,50,2500,125000,10,100,0,1,0,1,0,0,0,0,0,1,1,2
"Dehejia-Wahba Sample",0,25,625,15625,11,121,1,0,1,1,0,0,0,0,44.75545883178711,1,1,2
"Dehejia-Wahba Sample",0,23,529,12167,10,100,1,0,1,1,0,0,0,0,0,1,1,2
"Dehejia-Wahba Sample",0,38,1444,54872,10,100,1,0,0,1,0,0,0,0,0,1,1,2
"Dehejia-Wahba Sample",0,25,625,15625,10,100,1,0,1,1,0,0,0,0,3701.81201171875,1,1,2
"Dehejia-Wahba Sample",0,42,1764,74088,10,100,1,0,0,1,0,0,0,0,6930.3359375,1,1,2
"Dehejia-Wahba Sample",0,39,1521,59319,12,144,1,0,1,0,0,0,0,0,3795.799072265625,1,1,2
"Dehejia-Wahba Sample",0,34,1156,39304,13,169,1,0,1,0,0,0,0,0,5193.2470703125,1,1,2
"Dehejia-Wahba Sample",0,24,576,13824,7,49,1,0,0,1,0,0,0,0,2193.528076171875,1,1,2
"Dehejia-Wahba Sample",0,32,1024,32768,11,121,1,0,0,1,0,0,0,0,11120.5302734375,1,1,2
"Dehejia-Wahba Sample",0,27,729,19683,13,169,1,0,0,0,0,0,0,0,7609.51806640625,1,1,2
"Dehejia-Wahba Sample",0,26,676,17576,10,100,1,0,0,1,0,0,0,0,2169.027099609375,1,1,2
"Dehejia-Wahba Sample",0,44,1936,85184,11,121,1,0,0,1,0,0,0,0,0,1,1,2
"Dehejia-Wahba Sample",0,25,625,15625,11,121,1,0,0,1,0,0,0,0,1264.2320556640625,1,1,2
"Dehejia-Wahba Sample",0,25,625,15625,12,144,1,0,0,0,0,0,0,0,0,1,1,2
"Dehejia-Wahba Sample",0,28,784,21952,12,144,1,0,1,0,0,0,0,0,0,1,1,2
"Dehejia-Wahba Sample",0,32,1024,32768,10,100,1,0,0,1,0,0,0,0,0,1,1,2
"Dehejia-Wahba Sample",0,22,484,10648,10,100,1,0,0,1,0,0,0,0,0,1,1,2
"Dehejia-Wahba Sample",0,19,361,6859,9,81,1,0,0,1,0,0,0,0,5712.64306640625,1,1,2
"Dehejia-Wahba Sample",0,31,961,29791,10,100,1,0,1,1,0,0,0,0,0,1,1,2
"Dehejia-Wahba Sample",0,23,529,12167,11,121,1,0,0,1,0,0,0,0,0,1,1,2
"Dehejia-Wahba Sample",0,33,1089,35937,11,121,1,0,0,1,0,0,0,0,0,1,1,2
"Dehejia-Wahba Sample",0,27,729,19683,10,100,1,0,0,1,0,0,0,0,1184.8819580078125,1,1,2
"Dehejia-Wahba Sample",0,29,841,24389,11,121,1,0,1,1,0,0,0,0,10225.8798828125,1,1,2
"Dehejia-Wahba Sample",0,23,529,12167,10,100,1,0,0,1,0,0,0,0,0,1,1,2
"Dehejia-Wahba Sample",0,25,625,15625,9,81,1,0,1,1,0,0,0,0,4715.37109375,1,1,2
"Dehejia-Wahba Sample",0,25,625,15625,10,100,1,0,0,1,0,0,0,0,289.7898864746094,1,1,2
"Dehejia-Wahba Sample",0,24,576,13824,10,100,1,0,0,1,0,0,0,0,0,1,1,2
"Dehejia-Wahba Sample",0,28,784,21952,8,64,0,0,0,1,0,0,0,0,8190.4208984375,1,1,2
"Dehejia-Wahba Sample",0,26,676,17576,6,36,1,0,0,1,0,0,0,0,4813.0498046875,1,1,2
"Dehejia-Wahba Sample",0,30,900,27000,14,196,1,0,1,0,0,0,0,0,7344.67822265625,1,1,2
"Dehejia-Wahba Sample",0,25,625,15625,10,100,1,0,1,1,0,0,0,0,0,1,1,2
"Dehejia-Wahba Sample",0,29,841,24389,11,121,1,0,1,1,0,0,0,0,0,1,1,2
"Dehejia-Wahba Sample",0,25,625,15625,12,144,1,0,1,0,0,0,0,0,0,1,1,2
"Dehejia-Wahba Sample",0,28,784,21952,13,169,1,0,0,0,0,0,0,0,0,1,1,2
"Dehejia-Wahba Sample",0,23,529,12167,11,121,1,0,0,1,0,0,0,0,4350.9072265625,1,1,2
"Dehejia-Wahba Sample",0,54,2916,157464,11,121,1,0,0,1,0,0,0,0,7812.52197265625,1,1,2
"Dehejia-Wahba Sample",0,33,1089,35937,5,25,0,1,0,1,0,0,0,0,0,1,1,2
"Dehejia-Wahba Sample",0,20,400,8000,8,64,1,0,0,1,0,0,0,0,3644.655029296875,1,1,2
"Dehejia-Wahba Sample",0,45,2025,91125,9,81,1,0,0,1,0,0,0,0,4844.80322265625,1,1,2
"Dehejia-Wahba Sample",0,39,1521,59319,6,36,1,0,0,1,0,0,0,0,0,1,1,2
"Dehejia-Wahba Sample",0,26,676,17576,12,144,1,0,0,0,0,0,0,0,0,1,1,2
"Dehejia-Wahba Sample",0,23,529,12167,10,100,1,0,0,1,0,0,0,0,0,1,1,2
"Dehejia-Wahba Sample",0,27,729,19683,12,144,0,0,0,0,0,0,0,0,14792.900390625,1,1,2
"Dehejia-Wahba Sample",0,33,1089,35937,9,81,0,1,1,1,0,0,0,0,0,1,1,2
"Dehejia-Wahba Sample",0,25,625,15625,10,100,1,0,1,1,0,0,0,0,0,1,1,2
"Dehejia-Wahba Sample",0,23,529,12167,8,64,1,0,0,1,0,0,0,0,3746.700927734375,1,1,2
"Dehejia-Wahba Sample",0,18,324,5832,8,64,1,0,0,1,0,0,0,0,1568.1500244140625,1,1,2
"Dehejia-Wahba Sample",0,17,289,4913,8,64,1,0,0,1,0,0,0,0,7010.44384765625,1,1,2
"Dehejia-Wahba Sample",0,19,361,6859,9,81,0,1,0,1,0,0,0,0,3811.68310546875,1,1,2
"Dehejia-Wahba Sample",0,18,324,5832,8,64,0,1,0,1,0,0,0,0,10798.5595703125,1,1,2
"Dehejia-Wahba Sample",0,18,324,5832,11,121,1,0,0,1,0,0,0,0,4657.27294921875,1,1,2
"Dehejia-Wahba Sample",0,17,289,4913,11,121,1,0,0,1,0,0,0,0,8551.533203125,1,1,2
"Dehejia-Wahba Sample",0,19,361,6859,10,100,1,0,0,1,0,0,0,0,4309.8779296875,1,1,2
"Dehejia-Wahba Sample",0,19,361,6859,10,100,1,0,0,1,0,0,0,0,5286.39599609375,1,1,2
"Dehejia-Wahba Sample",0,18,324,5832,9,81,1,0,0,1,0,0,0,0,12486.169921875,1,1,2
"Dehejia-Wahba Sample",0,18,324,5832,9,81,1,0,0,1,0,0,0,0,10877.349609375,1,1,2
"Dehejia-Wahba Sample",0,18,324,5832,10,100,1,0,0,1,0,0,0,0,202.28469848632813,1,1,2
"Dehejia-Wahba Sample",0,17,289,4913,10,100,1,0,0,1,0,0,0,0,2657.705078125,1,1,2
"Dehejia-Wahba Sample",0,18,324,5832,7,49,1,0,0,1,0,0,0,0,4132.5771484375,1,1,2
"Dehejia-Wahba Sample",0,18,324,5832,11,121,1,0,0,1,0,0,0,0,11303.1396484375,1,1,2
"Dehejia-Wahba Sample",0,19,361,6859,10,100,0,1,0,1,0,0,0,0,0,1,1,2
"Dehejia-Wahba Sample",0,18,324,5832,9,81,1,0,0,1,0,0,0,0,0,1,1,2
"Dehejia-Wahba Sample",0,17,289,4913,10,100,1,0,0,1,0,0,0,0,0,1,1,2
"Dehejia-Wahba Sample",0,17,289,4913,10,100,1,0,0,1,0,0,0,0,2189.426025390625,1,1,2
"Dehejia-Wahba Sample",0,19,361,6859,11,121,1,0,0,1,0,0,0,0,0,1,1,2
"Dehejia-Wahba Sample",0,17,289,4913,8,64,0,0,0,1,0,0,0,0,10210.990234375,1,1,2
"Dehejia-Wahba Sample",0,18,324,5832,10,100,1,0,0,1,0,0,0,0,11048.080078125,1,1,2
"Dehejia-Wahba Sample",0,18,324,5832,9,81,1,0,0,1,0,0,0,0,0,1,1,2
"Dehejia-Wahba Sample",0,17,289,4913,8,64,1,0,0,1,0,0,0,0,8993.865234375,1,1,2
"Dehejia-Wahba Sample",0,19,361,6859,6,36,0,1,0,1,0,0,0,0,5071.80078125,1,1,2
"Dehejia-Wahba Sample",0,19,361,6859,10,100,0,0,0,1,0,0,0,0,3194.010009765625,1,1,2
"Dehejia-Wahba Sample",0,17,289,4913,11,121,0,0,0,1,0,0,0,0,0,1,1,2
"Dehejia-Wahba Sample",0,20,400,8000,9,81,1,0,0,1,0,0,0,0,5193.0888671875,1,1,2
"Dehejia-Wahba Sample",0,17,289,4913,9,81,1,0,0,1,0,0,0,0,0,1,1,2
"Dehejia-Wahba Sample",0,17,289,4913,10,100,1,0,0,1,0,0,0,0,275.56610107421875,1,1,2
"Dehejia-Wahba Sample",0,17,289,4913,9,81,1,0,0,1,0,0,0,0,3590.701904296875,1,1,2
"Dehejia-Wahba Sample",0,19,361,6859,11,121,1,0,0,1,0,0,0,0,0,1,1,2
"Dehejia-Wahba Sample",0,19,361,6859,10,100,1,0,1,1,0,0,0,0,12797.669921875,1,1,2
"Dehejia-Wahba Sample",0,20,400,8000,9,81,1,0,0,1,0,0,0,0,2035.9139404296875,1,1,2
"Dehejia-Wahba Sample",0,18,324,5832,9,81,1,0,0,1,0,0,0,0,2389.678955078125,1,1,2
"Dehejia-Wahba Sample",0,18,324,5832,11,121,1,0,0,1,0,0,0,0,0,1,1,2
"Dehejia-Wahba Sample",0,17,289,4913,10,100,0,1,0,1,0,0,0,0,8469.275390625,1,1,2
"Dehejia-Wahba Sample",0,19,361,6859,11,121,1,0,0,1,0,0,0,0,0,1,1,2
"Dehejia-Wahba Sample",0,17,289,4913,10,100,1,0,0,1,0,0,0,0,1143.386962890625,1,1,2
"Dehejia-Wahba Sample",0,17,289,4913,9,81,0,1,0,1,0,0,0,0,5114.81396484375,1,1,2
"Dehejia-Wahba Sample",0,18,324,5832,10,100,1,0,0,1,0,0,0,0,781.22430419921875,1,1,2
"Dehejia-Wahba Sample",0,21,441,9261,9,81,1,0,0,1,591.49908447265625,349871.16693199053,0,0,3343.22412109375,0,1,2
"Dehejia-Wahba Sample",0,18,324,5832,10,100,1,0,0,1,1563.2490234375,2443747.5092782974,0,0,9602.439453125,0,1,2
"Dehejia-Wahba Sample",0,19,361,6859,11,121,1,0,0,1,1626.623046875,2645902.5366249084,0,0,0,0,1,2
"Dehejia-Wahba Sample",0,24,576,13824,9,81,1,0,0,1,2788.498046875,7775721.35742569,0,0,16461.5703125,0,1,2
"Dehejia-Wahba Sample",0,28,784,21952,11,121,0,1,1,1,3472.947998046875,12061367.797137797,0,0,6771.6220703125,0,1,2
"Dehejia-Wahba Sample",0,25,625,15625,11,121,1,0,0,1,5281.2451171875,27891549.98781681,0,0,0,0,1,2
"Dehejia-Wahba Sample",0,21,441,9261,7,49,1,0,0,1,33799.94921875,1142436567.1900787,0,0,11011.5703125,0,1,2
"Dehejia-Wahba Sample",0,39,1521,59319,11,121,1,0,0,1,0,0,83.68963623046875,7003.955212388188,0,1,0,2
"Dehejia-Wahba Sample",0,36,1296,46656,12,144,1,0,0,0,0,0,142.3972930908203,20276.989079592982,0,1,0,2
"Dehejia-Wahba Sample",0,24,576,13824,12,144,1,0,0,0,0,0,159.88470458984375,25563.118761781603,0,1,0,2
"Dehejia-Wahba Sample",0,17,289,4913,11,121,1,0,0,1,989.267822265625,978650.8241701722,165.20770263671875,27293.585010502487,4251.126953125,0,0,2
"Dehejia-Wahba Sample",0,18,324,5832,10,100,1,0,0,1,960.42681884765625,922419.6743618287,240.10670471191406,57651.229647614295,2891.66796875,0,0,2
"Dehejia-Wahba Sample",0,18,324,5832,10,100,1,0,0,1,0,0,273.552490234375,74830.96491342783,5514.365234375,1,0,2
"Dehejia-Wahba Sample",0,28,784,21952,10,100,1,0,0,1,1471.29296875,2164702.9998931885,367.8233947753906,135294.04974409286,4858.89501953125,0,0,2
"Dehejia-Wahba Sample",0,27,729,19683,13,169,0,0,0,0,5214.30615234375,27188988.650369883,474.5018005371094,225151.95871295873,4812.576171875,0,0,2
"Dehejia-Wahba Sample",0,31,961,29791,12,144,0,0,0,0,0,0,494.64300537109375,244671.70276254788,0,1,0,2
"Dehejia-Wahba Sample",0,22,484,10648,9,81,1,0,0,1,0,0,506.4075927734375,256448.6500185877,604.19873046875,1,0,2
"Dehejia-Wahba Sample",0,31,961,29791,10,100,1,0,0,1,0,0,520.4462890625,270864.3397989273,14527.8798828125,1,0,2
"Dehejia-Wahba Sample",0,26,676,17576,10,100,1,0,1,1,6140.3671875,37704109.19732666,558.77337646484375,312227.686245922,0,0,0,2
"Dehejia-Wahba Sample",0,18,324,5832,9,81,0,0,0,1,0,0,559.59600830078125,313147.69250616804,7300.498046875,1,0,2
"Dehejia-Wahba Sample",0,23,529,12167,11,121,1,0,0,1,6382.30908203125,40733869.21857858,580.79010009765625,337317.14037144557,0,0,0,2
"Dehejia-Wahba Sample",0,20,400,8000,12,144,1,0,0,0,0,0,591.81512451171875,350245.14160082117,4159.9189453125,1,0,2
"Dehejia-Wahba Sample",0,19,361,6859,10,100,1,0,0,1,0,0,604.15386962890625,365001.89818758145,0,1,0,2
"Dehejia-Wahba Sample",0,18,324,5832,11,121,1,0,0,1,1064.698974609375,1133583.9065342546,645.27227783203125,416376.3125385381,5497.5908203125,0,0,2
"Dehejia-Wahba Sample",0,17,289,4913,10,100,1,0,0,1,0,0,664.5689697265625,441651.91552342474,0,1,0,2
"Dehejia-Wahba Sample",0,27,729,19683,12,144,1,0,1,0,0,0,752.39007568359375,566090.8259871639,0,1,0,2
"Dehejia-Wahba Sample",0,27,729,19683,11,121,1,0,0,1,3065.194091796875,9395414.82038647,766.298583984375,587213.5198164582,0,0,0,2
"Dehejia-Wahba Sample",0,28,784,21952,12,144,0,0,0,0,0,0,803.343017578125,645360.0038915277,16477.01953125,1,0,2
"Dehejia-Wahba Sample",0,28,784,21952,11,121,1,0,0,1,2431.948974609375,5914375.8151035905,863.4794921875,745596.8334283829,0,0,0,2
"Dehejia-Wahba Sample",0,21,441,9261,10,100,1,0,0,1,6661.06298828125,44369760.133850336,1162.362060546875,1351085.559798777,39483.53125,0,0,2
"Dehejia-Wahba Sample",0,17,289,4913,10,100,0,1,0,1,4905.119140625,24060193.78372574,1168.9019775390625,1366331.833094731,11306.26953125,0,0,2
"Dehejia-Wahba Sample",0,26,676,17576,11,121,1,0,0,1,4699.962890625,22089651.173252106,1174.990966796875,1380603.772054255,6672.02099609375,0,0,2
"Dehejia-Wahba Sample",0,29,841,24389,9,81,1,0,0,1,0,0,1203.823974609375,1449192.1618443131,9378.6533203125,1,0,2
"Dehejia-Wahba Sample",0,17,289,4913,10,100,0,1,0,1,1203.6090087890625,1448674.6460381895,1239.6280517578125,1536677.7067048699,5088.98583984375,0,0,2
"Dehejia-Wahba Sample",0,22,484,10648,11,121,1,0,0,1,7914.130859375,62633467.259311676,1321.6600341796875,1746785.2459478527,2639.2900390625,0,0,2
"Dehejia-Wahba Sample",0,24,576,13824,11,121,1,0,0,1,0,0,1327.9930419921875,1763565.5195796639,9495.90234375,1,0,2
"Dehejia-Wahba Sample",0,20,400,8000,12,144,1,0,0,0,557.69879150390625,311027.9420449175,1371.4730224609375,1880938.2513381392,20893.109375,0,0,2
"Dehejia-Wahba Sample",0,18,324,5832,12,144,1,0,0,0,0,0,1405.511962890625,1975463.8778286576,0,1,0,2
"Dehejia-Wahba Sample",0,24,576,13824,11,121,0,0,0,1,2669.72509765625,7127432.097055674,1468.383056640625,2156148.801029265,10361.6904296875,0,0,2
"Dehejia-Wahba Sample",0,21,441,9261,9,81,0,0,0,1,2988.412109375,8930606.935459137,1577.1669921875,2487455.7212457657,1740.198974609375,0,0,2
"Dehejia-Wahba Sample",0,30,900,27000,8,64,1,0,0,1,0,0,1706.656982421875,2912678.05564934,0,1,0,2
"Dehejia-Wahba Sample",0,31,961,29791,11,121,1,0,0,1,17711.880859375,313710723.5766945,1726.4449462890625,2980612.152567044,0,0,0,2
"Dehejia-Wahba Sample",0,17,289,4913,10,100,0,1,0,1,1442.6810302734375,2081328.555110827,1734.5589599609375,3008694.785580769,6354.19384765625,0,0,2
"Dehejia-Wahba Sample",0,19,361,6859,9,81,1,0,0,1,8409.626953125,70721825.49072647,1778.0889892578125,3161600.4537198693,7171,0,0,2
"Dehejia-Wahba Sample",0,23,529,12167,11,121,1,0,0,1,0,0,1896.02294921875,3594903.0239641666,5573.546875,1,0,2
"Dehejia-Wahba Sample",0,22,484,10648,12,144,1,0,0,0,4380.01708984375,19184549.707323313,2003.6800537109375,4014733.7576390654,439.6881103515625,0,0,2
"Dehejia-Wahba Sample",0,29,841,24389,12,144,1,0,0,0,22859.439453125,522553972.1110878,2080.208984375,4327269.418674469,16969.94921875,0,0,2
"Dehejia-Wahba Sample",0,22,484,10648,10,100,1,0,0,1,0,0,2174.955078125,4730429.591861725,5344.02099609375,1,0,2
"Dehejia-Wahba Sample",0,29,841,24389,13,169,1,0,0,0,718.24920654296875,515881.9226996042,2265.5791015625,5132848.665436745,2725.322021484375,0,0,2
"Dehejia-Wahba Sample",0,19,361,6859,11,121,1,0,0,1,721.340576171875,520332.2268319726,2445.589111328125,5980906.101446688,9772.283203125,0,0,2
"Dehejia-Wahba Sample",0,17,289,4913,9,81,1,0,0,1,0,0,2595.26708984375,6735411.267626047,0,1,0,2
"Dehejia-Wahba Sample",0,18,324,5832,10,100,1,0,0,1,1716.509033203125,2946403.261067927,2682.125,7193794.515625,0,0,0,2
"Dehejia-Wahba Sample",0,19,361,6859,12,144,1,0,0,0,8417,70845889,2814.195068359375,7919693.882778227,1720.906982421875,0,0,2
"Dehejia-Wahba Sample",0,20,400,8000,6,36,1,0,0,1,6006.87890625,36082594.1943512,2850.610107421875,8125977.984535754,0,0,0,2
"Dehejia-Wahba Sample",0,33,1089,35937,11,121,1,0,0,1,10523.830078125,110750999.51324844,2899.820068359375,8408956.42885977,18859.890625,0,0,2
"Dehejia-Wahba Sample",0,36,1296,46656,11,121,0,1,0,1,5443.73388671875,29634238.62941003,3063.8779296875,9387347.968026161,1324.5419921875,0,0,2
"Dehejia-Wahba Sample",0,25,625,15625,11,121,1,0,0,1,15209.990234375,231343802.92978287,3072.72607421875,9441645.527183771,284.65838623046875,0,0,2
"Dehejia-Wahba Sample",0,19,361,6859,11,121,1,0,0,1,3504.013916015625,12278113.523631155,3285.679931640625,10795692.613185942,11195.9296875,0,0,2
"Dehejia-Wahba Sample",0,23,529,12167,8,64,1,0,0,1,7724.283203125,59664551.00207901,3403.055908203125,11580789.514356196,0,0,0,2
"Dehejia-Wahba Sample",0,17,289,4913,11,121,1,0,0,1,4080.72998046875,16652357.173496485,3796.029052734375,14409836.569203436,0,0,0,2
"Dehejia-Wahba Sample",0,43,1849,79507,10,100,1,0,0,1,2502.867919921875,6264347.824574053,4128.44287109375,17044040.539884806,7565.27294921875,0,0,2
"Dehejia-Wahba Sample",0,26,676,17576,11,121,1,0,1,1,0,0,4184.73193359375,17511981.356039286,0,1,0,2
"Dehejia-Wahba Sample",0,27,729,19683,11,121,1,0,1,1,0,0,4491.8837890625,20177019.974442482,0,1,0,2
"Dehejia-Wahba Sample",0,19,361,6859,11,121,1,0,0,1,6337.4921875,40163807.226623535,4503.06396484375,20277585.071474314,0,0,0,2
"Dehejia-Wahba Sample",0,28,784,21952,11,121,1,0,1,1,8593.1630859375,73842451.8215189,5393.89501953125,29094103.481724024,4974.5859375,0,0,2
"Dehejia-Wahba Sample",0,28,784,21952,12,144,1,0,1,0,10585.1298828125,112044974.63601017,5551.4560546875,30818664.327126503,12780.01953125,0,0,2
"Dehejia-Wahba Sample",0,26,676,17576,8,64,1,0,0,1,1126.2900390625,1268529.2520914078,5562.59814453125,30942498.117542505,3523.577880859375,0,0,2
"Dehejia-Wahba Sample",0,31,961,29791,12,144,1,0,0,0,0,0,5613.9091796875,31515976.27777958,0,1,0,2
"Dehejia-Wahba Sample",0,23,529,12167,11,121,1,0,0,1,7617.36181640625,58024201.042043924,5716.4072265625,32677311.579895973,10274.83984375,0,0,2
"Dehejia-Wahba Sample",0,20,400,8000,12,144,1,0,0,0,7182.4921875,51588194.023498535,6004.72802734375,36056758.68236756,4779.72021484375,0,0,2
"Dehejia-Wahba Sample",0,28,784,21952,10,100,1,0,1,1,8293.3447265625,68779566.75360203,6449.47998046875,41595792.01846719,16988.1796875,0,0,2
"Dehejia-Wahba Sample",0,39,1521,59319,12,144,1,0,1,0,19785.3203125,391458899.8682251,6608.13720703125,43667477.34695077,499.2572021484375,0,0,2
"Dehejia-Wahba Sample",0,21,441,9261,8,64,1,0,0,1,39570.6796875,1565838690.930725,6608.30419921875,43669684.389412165,3083.5810546875,0,0,2
"Dehejia-Wahba Sample",0,22,484,10648,11,121,1,0,0,1,8810.0673828125,77617287.2896967,6974.48388671875,48643425.48609948,3708.718994140625,0,0,2
"Dehejia-Wahba Sample",0,20,400,8000,11,121,1,0,0,1,8009.1640625,64146708.980041504,7666.875,58780972.265625,7659.2177734375,0,0,2
"Dehejia-Wahba Sample",0,21,441,9261,11,121,0,1,0,1,2992.533935546875,8955259.355399668,8920.470703125,79574797.56531143,20857.83984375,0,0,2
"Dehejia-Wahba Sample",0,23,529,12167,12,144,0,1,0,0,5721.69580078125,32737802.83667779,8960.68359375,80293850.46730042,7078.17822265625,0,0,2
"Dehejia-Wahba Sample",0,29,841,24389,9,81,1,0,0,1,9268.943359375,85913310.99930191,9160.693359375,83918302.82449722,0,0,0,2
"Dehejia-Wahba Sample",0,28,784,21952,9,81,1,0,1,1,10222.41015625,104497669.40260315,9210.447265625,84832338.83285904,1239.843994140625,0,0,2
"Dehejia-Wahba Sample",0,30,900,27000,11,121,1,0,1,1,0,0,9311.9384765625,86712198.19128513,3982.801025390625,1,0,2
"Dehejia-Wahba Sample",0,25,625,15625,10,100,1,0,1,1,13519.9697265625,182789581.40716648,9319.4443359375,86852042.73063755,0,0,0,2
"Dehejia-Wahba Sample",0,28,784,21952,11,121,1,0,1,1,824.388916015625,679617.0848494172,10033.91015625,100679353.0236969,0,0,0,2
"Dehejia-Wahba Sample",0,22,484,10648,10,100,0,0,0,1,27864.359375,776422523.3791504,10598.669921875,112331804.11285782,7094.919921875,0,0,2
"Dehejia-Wahba Sample",0,44,1936,85184,9,81,1,0,1,1,12260.7802734375,150326732.91351414,10857.240234375,117879665.5069313,12359.3095703125,0,0,2
"Dehejia-Wahba Sample",0,21,441,9261,9,81,1,0,0,1,31886.4296875,1016744398.2158813,12357.2197265625,152700879.3705454,0,0,0,2
"Dehejia-Wahba Sample",0,28,784,21952,11,121,1,0,0,1,17491.44921875,305950795.77211,13371.25,178790326.5625,0,0,0,2
"Dehejia-Wahba Sample",0,29,841,24389,9,81,0,1,0,1,9594.3076171875,92050738.65322208,16341.16015625,267033515.25221252,16900.30078125,0,0,2
"Dehejia-Wahba Sample",0,25,625,15625,9,81,1,0,1,1,24731.619140625,611652985.3169289,16946.630859375,287188297.48392105,7343.9638671875,0,0,2
"Dehejia-Wahba Sample",0,22,484,10648,10,100,0,0,1,1,25720.919921875,661565721.6275063,23031.98046875,530472124.31288147,5448.80078125,0,0,2
